[{"created_at":"Thu Oct 01 01:55:17 +0000 2015","id":649402170488455168,"id_str":"649402170488455168","text":"Congratulations Champions!! @SportingKC #2015USopencup","source":"\u003ca href=\"http:\/\/twitter.com\/download\/iphone\" rel=\"nofollow\"\u003eTwitter for iPhone\u003c\/a\u003e","truncated":false,"in_reply_to_status_id":null,"in_reply_to_status_id_str":null,"in_reply_to_user_id":null,"in_reply_to_user_id_str":null,"in_reply_to_screen_name":null,"user":{"id":60865434,"id_str":"60865434","name":"Kaka","screen_name":"KAKA","location":"","description":"http:\/\/t.co\/HS75mpB4mC","url":null,"entities":{"description":{"urls":[{"url":"http:\/\/t.co\/HS75mpB4mC","expanded_url":"http:\/\/www.kakaww.com","display_url":"kakaww.com","indices":[0,22]}]}},"protected":false,"followers_count":23588381,"friends_count":437,"listed_count":72023,"created_at":"Tue Jul 28 10:05:26 +0000 2009","favourites_count":1,"utc_offset":-10800,"time_zone":"Brasilia","geo_enabled":false,"verified":true,"statuses_count":4263,"lang":"en","contributors_enabled":false,"is_translator":false,"is_translation_enabled":false,"profile_background_color":"FFFFFF","profile_background_image_url":"http:\/\/pbs.twimg.com\/profile_background_images\/544850197361086464\/VZM205DL.jpeg","profile_background_image_url_https":"https:\/\/pbs.twimg.com\/profile_background_images\/544850197361086464\/VZM205DL.jpeg","profile_background_tile":false,"profile_image_url":"http:\/\/pbs.twimg.com\/profile_images\/631466291904294912\/uLQg3fo3_normal.png","profile_image_url_https":"https:\/\/pbs.twimg.com\/profile_images\/631466291904294912\/uLQg3fo3_normal.png","profile_banner_url":"https:\/\/pbs.twimg.com\/profile_banners\/60865434\/1439388251","profile_link_color":"009999","profile_sidebar_border_color":"FFFFFF","profile_sidebar_fill_color":"EFEFEF","profile_text_color":"333333","profile_use_background_image":true,"has_extended_profile":false,"default_profile":false,"default_profile_image":false,"following":false,"follow_request_sent":false,"notifications":false},"geo":null,"coordinates":null,"place":null,"contributors":null,"is_quote_status":false,"retweet_count":145,"favorite_count":446,"entities":{"hashtags":[{"text":"2015USopencup","indices":[40,54]}],"symbols":[],"user_mentions":[{"screen_name":"SportingKC","name":"Sporting Kansas City","id":17493398,"id_str":"17493398","indices":[28,39]}],"urls":[]},"favorited":false,"retweeted":false,"lang":"fr"},{"created_at":"Wed Sep 30 15:35:03 +0000 2015","id":649246083563036672,"id_str":"649246083563036672","text":"So many good memories playing aside you! Congrats Sheva, wish all the best! \/\/ Tanti bei ricordi\u2026 https:\/\/t.co\/pALnLzCR7E","source":"\u003ca href=\"http:\/\/instagram.com\" rel=\"nofollow\"\u003eInstagram\u003c\/a\u003e","truncated":false,"in_reply_to_status_id":null,"in_reply_to_status_id_str":null,"in_reply_to_user_id":null,"in_reply_to_user_id_str":null,"in_reply_to_screen_name":null,"user":{"id":60865434,"id_str":"60865434","name":"Kaka","screen_name":"KAKA","location":"","description":"http:\/\/t.co\/HS75mpB4mC","url":null,"entities":{"description":{"urls":[{"url":"http:\/\/t.co\/HS75mpB4mC","expanded_url":"http:\/\/www.kakaww.com","display_url":"kakaww.com","indices":[0,22]}]}},"protected":false,"followers_count":23588381,"friends_count":437,"listed_count":72023,"created_at":"Tue Jul 28 10:05:26 +0000 2009","favourites_count":1,"utc_offset":-10800,"time_zone":"Brasilia","geo_enabled":false,"verified":true,"statuses_count":4263,"lang":"en","contributors_enabled":false,"is_translator":false,"is_translation_enabled":false,"profile_background_color":"FFFFFF","profile_background_image_url":"http:\/\/pbs.twimg.com\/profile_background_images\/544850197361086464\/VZM205DL.jpeg","profile_background_image_url_https":"https:\/\/pbs.twimg.com\/profile_background_images\/544850197361086464\/VZM205DL.jpeg","profile_background_tile":false,"profile_image_url":"http:\/\/pbs.twimg.com\/profile_images\/631466291904294912\/uLQg3fo3_normal.png","profile_image_url_https":"https:\/\/pbs.twimg.com\/profile_images\/631466291904294912\/uLQg3fo3_normal.png","profile_banner_url":"https:\/\/pbs.twimg.com\/profile_banners\/60865434\/1439388251","profile_link_color":"009999","profile_sidebar_border_color":"FFFFFF","profile_sidebar_fill_color":"EFEFEF","profile_text_color":"333333","profile_use_background_image":true,"has_extended_profile":false,"default_profile":false,"default_profile_image":false,"following":false,"follow_request_sent":false,"notifications":false},"geo":null,"coordinates":null,"place":null,"contributors":null,"is_quote_status":false,"retweet_count":294,"favorite_count":425,"entities":{"hashtags":[],"symbols":[],"user_mentions":[],"urls":[{"url":"https:\/\/t.co\/pALnLzCR7E","expanded_url":"https:\/\/instagram.com\/p\/8QozPgsY2e\/","display_url":"instagram.com\/p\/8QozPgsY2e\/","indices":[98,121]}]},"favorited":false,"retweeted":false,"possibly_sensitive":false,"lang":"en"}]