{"statuses":[{"metadata":{"iso_language_code":"en","result_type":"recent"},"created_at":"Tue Sep 01 11:18:44 +0000 2015","id":638672333625016320,"id_str":"638672333625016320","text":"new item in \"Drupal\" Hosting - Multipurpose, Creative Drupal Theme - http:\/\/t.co\/LdqVCzb6lX http:\/\/t.co\/gzbF8KtYAh","source":"\u003ca href=\"http:\/\/www.homac.at\" rel=\"nofollow\"\u003ehomac_post_template_updates\u003c\/a\u003e","truncated":false,"in_reply_to_status_id":null,"in_reply_to_status_id_str":null,"in_reply_to_user_id":null,"in_reply_to_user_id_str":null,"in_reply_to_screen_name":null,"user":{"id":321387069,"id_str":"321387069","name":"homac - ryp - mwsb","screen_name":"homac_at","location":"Wien","description":"homac.at - Internetapplikationen und Webl\u00f6sungen\r\nryp.at - Homepage inklusive Domain zum Mietpreis\r\nmwsb.at - schnell und g\u00fcnstig zur mobilen Website","url":"http:\/\/t.co\/xHp4JeUBjC","entities":{"url":{"urls":[{"url":"http:\/\/t.co\/xHp4JeUBjC","expanded_url":"http:\/\/www.homac.at","display_url":"homac.at","indices":[0,22]}]},"description":{"urls":[]}},"protected":false,"followers_count":137,"friends_count":33,"listed_count":7,"created_at":"Tue Jun 21 13:59:03 +0000 2011","favourites_count":1,"utc_offset":7200,"time_zone":"Vienna","geo_enabled":false,"verified":false,"statuses_count":6444,"lang":"de","contributors_enabled":false,"is_translator":false,"is_translation_enabled":false,"profile_background_color":"022330","profile_background_image_url":"http:\/\/pbs.twimg.com\/profile_background_images\/692501743\/7f9cd356d7c7bdf26bd73041a27148d5.jpeg","profile_background_image_url_https":"https:\/\/pbs.twimg.com\/profile_background_images\/692501743\/7f9cd356d7c7bdf26bd73041a27148d5.jpeg","profile_background_tile":false,"profile_image_url":"http:\/\/pbs.twimg.com\/profile_images\/1645178519\/twitter_main_2_normal.png","profile_image_url_https":"https:\/\/pbs.twimg.com\/profile_images\/1645178519\/twitter_main_2_normal.png","profile_link_color":"022330","profile_sidebar_border_color":"000000","profile_sidebar_fill_color":"C0DFEC","profile_text_color":"333333","profile_use_background_image":true,"has_extended_profile":false,"default_profile":false,"default_profile_image":false,"following":false,"follow_request_sent":false,"notifications":false},"geo":null,"coordinates":null,"place":null,"contributors":null,"is_quote_status":false,"retweet_count":0,"favorite_count":0,"entities":{"hashtags":[],"symbols":[],"user_mentions":[],"urls":[{"url":"http:\/\/t.co\/LdqVCzb6lX","expanded_url":"http:\/\/zwab.it\/RADEv","display_url":"zwab.it\/RADEv","indices":[69,91]}],"media":[{"id":638672333478211588,"id_str":"638672333478211588","indices":[92,114],"media_url":"http:\/\/pbs.twimg.com\/media\/CN0FGnzWsAQlqOI.png","media_url_https":"https:\/\/pbs.twimg.com\/media\/CN0FGnzWsAQlqOI.png","url":"http:\/\/t.co\/gzbF8KtYAh","display_url":"pic.twitter.com\/gzbF8KtYAh","expanded_url":"http:\/\/twitter.com\/homac_at\/status\/638672333625016320\/photo\/1","type":"photo","sizes":{"small":{"w":340,"h":172,"resize":"fit"},"large":{"w":590,"h":300,"resize":"fit"},"thumb":{"w":150,"h":150,"resize":"crop"},"medium":{"w":590,"h":300,"resize":"fit"}}}]},"favorited":false,"retweeted":false,"possibly_sensitive":false,"lang":"en"},{"metadata":{"iso_language_code":"en","result_type":"recent"},"created_at":"Tue Sep 01 11:18:35 +0000 2015","id":638672293741236224,"id_str":"638672293741236224","text":"RT @_lao_wuuau__: @DigitalNitish Flatsome is a beautiful responsive theme inspired by modern eCommerce designs. Check Here : http:\/\/t.co\/FJ\u2026","source":"\u003ca href=\"http:\/\/twitter.com\" rel=\"nofollow\"\u003eTwitter Web Client\u003c\/a\u003e","truncated":false,"in_reply_to_status_id":null,"in_reply_to_status_id_str":null,"in_reply_to_user_id":null,"in_reply_to_user_id_str":null,"in_reply_to_screen_name":null,"user":{"id":62190375,"id_str":"62190375","name":"Nitish Srivastava","screen_name":"DigitalNitish","location":"Bangalore","description":"Social Intelligence Consultant @AccentureSocial Fan of @Iamsrk,@VishalDadlani,@ravishndtv,@SGanguly99 Challenge drive me,Problem motivate me,Family is life","url":"http:\/\/t.co\/xSNeu54Oir","entities":{"url":{"urls":[{"url":"http:\/\/t.co\/xSNeu54Oir","expanded_url":"http:\/\/myfirstblog-nitish.blogspot.in","display_url":"myfirstblog-nitish.blogspot.in","indices":[0,22]}]},"description":{"urls":[]}},"protected":false,"followers_count":406,"friends_count":18,"listed_count":53,"created_at":"Sun Aug 02 03:54:06 +0000 2009","favourites_count":297,"utc_offset":19800,"time_zone":"New Delhi","geo_enabled":true,"verified":false,"statuses_count":9663,"lang":"en","contributors_enabled":false,"is_translator":false,"is_translation_enabled":false,"profile_background_color":"131516","profile_background_image_url":"http:\/\/pbs.twimg.com\/profile_background_images\/578047739323256835\/XKXH_cCi.jpeg","profile_background_image_url_https":"https:\/\/pbs.twimg.com\/profile_background_images\/578047739323256835\/XKXH_cCi.jpeg","profile_background_tile":true,"profile_image_url":"http:\/\/pbs.twimg.com\/profile_images\/586053513022570498\/W0qP7cgw_normal.jpg","profile_image_url_https":"https:\/\/pbs.twimg.com\/profile_images\/586053513022570498\/W0qP7cgw_normal.jpg","profile_banner_url":"https:\/\/pbs.twimg.com\/profile_banners\/62190375\/1419222296","profile_link_color":"9266CC","profile_sidebar_border_color":"000000","profile_sidebar_fill_color":"7AC3EE","profile_text_color":"3D1957","profile_use_background_image":true,"has_extended_profile":false,"default_profile":false,"default_profile_image":false,"following":false,"follow_request_sent":false,"notifications":false},"geo":null,"coordinates":null,"place":null,"contributors":null,"retweeted_status":{"metadata":{"iso_language_code":"en","result_type":"recent"},"created_at":"Tue Sep 01 10:02:10 +0000 2015","id":638653062328877057,"id_str":"638653062328877057","text":"@DigitalNitish Flatsome is a beautiful responsive theme inspired by modern eCommerce designs. Check Here : http:\/\/t.co\/FJCIwNg4Pw","source":"\u003ca href=\"http:\/\/twitterfeed.com\" rel=\"nofollow\"\u003etwitterfeed\u003c\/a\u003e","truncated":false,"in_reply_to_status_id":null,"in_reply_to_status_id_str":null,"in_reply_to_user_id":62190375,"in_reply_to_user_id_str":"62190375","in_reply_to_screen_name":"DigitalNitish","user":{"id":3045536594,"id_str":"3045536594","name":"Ernawaty Suliyaninsi","screen_name":"_lao_wuuau__","location":"Ig: Epaalo","description":"bumblebee&Free !","url":null,"entities":{"description":{"urls":[]}},"protected":false,"followers_count":9,"friends_count":0,"listed_count":4,"created_at":"Fri Feb 27 05:33:09 +0000 2015","favourites_count":0,"utc_offset":3600,"time_zone":"London","geo_enabled":false,"verified":false,"statuses_count":2359,"lang":"id","contributors_enabled":false,"is_translator":false,"is_translation_enabled":false,"profile_background_color":"C0DEED","profile_background_image_url":"http:\/\/abs.twimg.com\/images\/themes\/theme1\/bg.png","profile_background_image_url_https":"https:\/\/abs.twimg.com\/images\/themes\/theme1\/bg.png","profile_background_tile":false,"profile_image_url":"http:\/\/pbs.twimg.com\/profile_images\/571456254636085248\/JPZcRHVd_normal.png","profile_image_url_https":"https:\/\/pbs.twimg.com\/profile_images\/571456254636085248\/JPZcRHVd_normal.png","profile_banner_url":"https:\/\/pbs.twimg.com\/profile_banners\/3045536594\/1425080769","profile_link_color":"0084B4","profile_sidebar_border_color":"C0DEED","profile_sidebar_fill_color":"DDEEF6","profile_text_color":"333333","profile_use_background_image":true,"has_extended_profile":false,"default_profile":true,"default_profile_image":false,"following":false,"follow_request_sent":false,"notifications":false},"geo":null,"coordinates":null,"place":null,"contributors":null,"is_quote_status":false,"retweet_count":1,"favorite_count":1,"entities":{"hashtags":[],"symbols":[],"user_mentions":[{"screen_name":"DigitalNitish","name":"Nitish Srivastava","id":62190375,"id_str":"62190375","indices":[0,14]}],"urls":[{"url":"http:\/\/t.co\/FJCIwNg4Pw","expanded_url":"http:\/\/tinyurl.com\/nbo64q3","display_url":"tinyurl.com\/nbo64q3","indices":[107,129]}]},"favorited":false,"retweeted":false,"possibly_sensitive":true,"lang":"en"},"is_quote_status":false,"retweet_count":1,"favorite_count":0,"entities":{"hashtags":[],"symbols":[],"user_mentions":[{"screen_name":"_lao_wuuau__","name":"Ernawaty Suliyaninsi","id":3045536594,"id_str":"3045536594","indices":[3,16]},{"screen_name":"DigitalNitish","name":"Nitish Srivastava","id":62190375,"id_str":"62190375","indices":[18,32]}],"urls":[{"url":"http:\/\/t.co\/FJCIwNg4Pw","expanded_url":"http:\/\/tinyurl.com\/nbo64q3","display_url":"tinyurl.com\/nbo64q3","indices":[125,140]}]},"favorited":false,"retweeted":false,"possibly_sensitive":false,"lang":"en"},{"metadata":{"iso_language_code":"en","result_type":"recent"},"created_at":"Tue Sep 01 11:17:08 +0000 2015","id":638671928094552064,"id_str":"638671928094552064","text":"new item in \"Joomla\" Orianna - Responsive VirtueMart 3 Fashion Template - http:\/\/t.co\/oB110vv6Eu http:\/\/t.co\/NAFGztWU1O","source":"\u003ca href=\"http:\/\/www.homac.at\" rel=\"nofollow\"\u003ehomac_post_template_updates\u003c\/a\u003e","truncated":false,"in_reply_to_status_id":null,"in_reply_to_status_id_str":null,"in_reply_to_user_id":null,"in_reply_to_user_id_str":null,"in_reply_to_screen_name":null,"user":{"id":321387069,"id_str":"321387069","name":"homac - ryp - mwsb","screen_name":"homac_at","location":"Wien","description":"homac.at - Internetapplikationen und Webl\u00f6sungen\r\nryp.at - Homepage inklusive Domain zum Mietpreis\r\nmwsb.at - schnell und g\u00fcnstig zur mobilen Website","url":"http:\/\/t.co\/xHp4JeUBjC","entities":{"url":{"urls":[{"url":"http:\/\/t.co\/xHp4JeUBjC","expanded_url":"http:\/\/www.homac.at","display_url":"homac.at","indices":[0,22]}]},"description":{"urls":[]}},"protected":false,"followers_count":137,"friends_count":33,"listed_count":7,"created_at":"Tue Jun 21 13:59:03 +0000 2011","favourites_count":1,"utc_offset":7200,"time_zone":"Vienna","geo_enabled":false,"verified":false,"statuses_count":6444,"lang":"de","contributors_enabled":false,"is_translator":false,"is_translation_enabled":false,"profile_background_color":"022330","profile_background_image_url":"http:\/\/pbs.twimg.com\/profile_background_images\/692501743\/7f9cd356d7c7bdf26bd73041a27148d5.jpeg","profile_background_image_url_https":"https:\/\/pbs.twimg.com\/profile_background_images\/692501743\/7f9cd356d7c7bdf26bd73041a27148d5.jpeg","profile_background_tile":false,"profile_image_url":"http:\/\/pbs.twimg.com\/profile_images\/1645178519\/twitter_main_2_normal.png","profile_image_url_https":"https:\/\/pbs.twimg.com\/profile_images\/1645178519\/twitter_main_2_normal.png","profile_link_color":"022330","profile_sidebar_border_color":"000000","profile_sidebar_fill_color":"C0DFEC","profile_text_color":"333333","profile_use_background_image":true,"has_extended_profile":false,"default_profile":false,"default_profile_image":false,"following":false,"follow_request_sent":false,"notifications":false},"geo":null,"coordinates":null,"place":null,"contributors":null,"is_quote_status":false,"retweet_count":0,"favorite_count":0,"entities":{"hashtags":[],"symbols":[],"user_mentions":[],"urls":[{"url":"http:\/\/t.co\/oB110vv6Eu","expanded_url":"http:\/\/zwab.it\/XvBTP","display_url":"zwab.it\/XvBTP","indices":[74,96]}],"media":[{"id":638671927951929344,"id_str":"638671927951929344","indices":[97,119],"media_url":"http:\/\/pbs.twimg.com\/media\/CN0EvBGWsAAC6xk.png","media_url_https":"https:\/\/pbs.twimg.com\/media\/CN0EvBGWsAAC6xk.png","url":"http:\/\/t.co\/NAFGztWU1O","display_url":"pic.twitter.com\/NAFGztWU1O","expanded_url":"http:\/\/twitter.com\/homac_at\/status\/638671928094552064\/photo\/1","type":"photo","sizes":{"small":{"w":340,"h":172,"resize":"fit"},"large":{"w":590,"h":300,"resize":"fit"},"thumb":{"w":150,"h":150,"resize":"crop"},"medium":{"w":590,"h":300,"resize":"fit"}}}]},"favorited":false,"retweeted":false,"possibly_sensitive":false,"lang":"en"},{"metadata":{"iso_language_code":"und","result_type":"recent"},"created_at":"Tue Sep 01 11:16:04 +0000 2015","id":638671660808323072,"id_str":"638671660808323072","text":"@WebFactoryLtd http:\/\/t.co\/BxKqPq79gf","source":"\u003ca href=\"http:\/\/twitter.com\" rel=\"nofollow\"\u003eTwitter Web Client\u003c\/a\u003e","truncated":false,"in_reply_to_status_id":null,"in_reply_to_status_id_str":null,"in_reply_to_user_id":145670592,"in_reply_to_user_id_str":"145670592","in_reply_to_screen_name":"WebFactoryLtd","user":{"id":2458604473,"id_str":"2458604473","name":"StonedThemes","screen_name":"StonedThemes","location":"","description":"","url":"http:\/\/t.co\/iQEW8RtXfC","entities":{"url":{"urls":[{"url":"http:\/\/t.co\/iQEW8RtXfC","expanded_url":"http:\/\/themeforest.net\/user\/StonedThemes","display_url":"themeforest.net\/user\/StonedThe\u2026","indices":[0,22]}]},"description":{"urls":[]}},"protected":false,"followers_count":40,"friends_count":108,"listed_count":0,"created_at":"Tue Apr 22 20:17:29 +0000 2014","favourites_count":3,"utc_offset":null,"time_zone":null,"geo_enabled":false,"verified":false,"statuses_count":50,"lang":"en","contributors_enabled":false,"is_translator":false,"is_translation_enabled":false,"profile_background_color":"C0DEED","profile_background_image_url":"http:\/\/abs.twimg.com\/images\/themes\/theme1\/bg.png","profile_background_image_url_https":"https:\/\/abs.twimg.com\/images\/themes\/theme1\/bg.png","profile_background_tile":false,"profile_image_url":"http:\/\/pbs.twimg.com\/profile_images\/462505444682891264\/bRx6ysik_normal.png","profile_image_url_https":"https:\/\/pbs.twimg.com\/profile_images\/462505444682891264\/bRx6ysik_normal.png","profile_banner_url":"https:\/\/pbs.twimg.com\/profile_banners\/2458604473\/1399104898","profile_link_color":"0084B4","profile_sidebar_border_color":"C0DEED","profile_sidebar_fill_color":"DDEEF6","profile_text_color":"333333","profile_use_background_image":true,"has_extended_profile":false,"default_profile":true,"default_profile_image":false,"following":false,"follow_request_sent":false,"notifications":false},"geo":null,"coordinates":null,"place":null,"contributors":null,"is_quote_status":false,"retweet_count":0,"favorite_count":0,"entities":{"hashtags":[],"symbols":[],"user_mentions":[{"screen_name":"WebFactoryLtd","name":"Web factory Ltd","id":145670592,"id_str":"145670592","indices":[0,14]}],"urls":[{"url":"http:\/\/t.co\/BxKqPq79gf","expanded_url":"http:\/\/themeforest.net\/user\/stonedthemes\/portfolio","display_url":"themeforest.net\/user\/stonedthe\u2026","indices":[15,37]}]},"favorited":false,"retweeted":false,"possibly_sensitive":false,"lang":"und"},{"metadata":{"iso_language_code":"en","result_type":"recent"},"created_at":"Tue Sep 01 11:15:02 +0000 2015","id":638671400128135168,"id_str":"638671400128135168","text":"new item in \"Site Templates\" Fabia - Responsive Multipurpose HTML5 Template - http:\/\/t.co\/2ulu2G0LNA http:\/\/t.co\/IU1s9RzWEx","source":"\u003ca href=\"http:\/\/www.homac.at\" rel=\"nofollow\"\u003ehomac_post_template_updates\u003c\/a\u003e","truncated":false,"in_reply_to_status_id":null,"in_reply_to_status_id_str":null,"in_reply_to_user_id":null,"in_reply_to_user_id_str":null,"in_reply_to_screen_name":null,"user":{"id":321387069,"id_str":"321387069","name":"homac - ryp - mwsb","screen_name":"homac_at","location":"Wien","description":"homac.at - Internetapplikationen und Webl\u00f6sungen\r\nryp.at - Homepage inklusive Domain zum Mietpreis\r\nmwsb.at - schnell und g\u00fcnstig zur mobilen Website","url":"http:\/\/t.co\/xHp4JeUBjC","entities":{"url":{"urls":[{"url":"http:\/\/t.co\/xHp4JeUBjC","expanded_url":"http:\/\/www.homac.at","display_url":"homac.at","indices":[0,22]}]},"description":{"urls":[]}},"protected":false,"followers_count":137,"friends_count":33,"listed_count":7,"created_at":"Tue Jun 21 13:59:03 +0000 2011","favourites_count":1,"utc_offset":7200,"time_zone":"Vienna","geo_enabled":false,"verified":false,"statuses_count":6444,"lang":"de","contributors_enabled":false,"is_translator":false,"is_translation_enabled":false,"profile_background_color":"022330","profile_background_image_url":"http:\/\/pbs.twimg.com\/profile_background_images\/692501743\/7f9cd356d7c7bdf26bd73041a27148d5.jpeg","profile_background_image_url_https":"https:\/\/pbs.twimg.com\/profile_background_images\/692501743\/7f9cd356d7c7bdf26bd73041a27148d5.jpeg","profile_background_tile":false,"profile_image_url":"http:\/\/pbs.twimg.com\/profile_images\/1645178519\/twitter_main_2_normal.png","profile_image_url_https":"https:\/\/pbs.twimg.com\/profile_images\/1645178519\/twitter_main_2_normal.png","profile_link_color":"022330","profile_sidebar_border_color":"000000","profile_sidebar_fill_color":"C0DFEC","profile_text_color":"333333","profile_use_background_image":true,"has_extended_profile":false,"default_profile":false,"default_profile_image":false,"following":false,"follow_request_sent":false,"notifications":false},"geo":null,"coordinates":null,"place":null,"contributors":null,"is_quote_status":false,"retweet_count":0,"favorite_count":0,"entities":{"hashtags":[],"symbols":[],"user_mentions":[],"urls":[{"url":"http:\/\/t.co\/2ulu2G0LNA","expanded_url":"http:\/\/zwab.it\/eEqej","display_url":"zwab.it\/eEqej","indices":[78,100]}],"media":[{"id":638671400023236608,"id_str":"638671400023236608","indices":[101,123],"media_url":"http:\/\/pbs.twimg.com\/media\/CN0EQSaWIAA_RcL.jpg","media_url_https":"https:\/\/pbs.twimg.com\/media\/CN0EQSaWIAA_RcL.jpg","url":"http:\/\/t.co\/IU1s9RzWEx","display_url":"pic.twitter.com\/IU1s9RzWEx","expanded_url":"http:\/\/twitter.com\/homac_at\/status\/638671400128135168\/photo\/1","type":"photo","sizes":{"medium":{"w":590,"h":300,"resize":"fit"},"large":{"w":590,"h":300,"resize":"fit"},"thumb":{"w":150,"h":150,"resize":"crop"},"small":{"w":340,"h":172,"resize":"fit"}}}]},"favorited":false,"retweeted":false,"possibly_sensitive":false,"lang":"en"},{"metadata":{"iso_language_code":"en","result_type":"recent"},"created_at":"Tue Sep 01 11:13:19 +0000 2015","id":638670969117106178,"id_str":"638670969117106178","text":"3000+ sales on @ThemeForest  wohooooo! Party time","source":"\u003ca href=\"http:\/\/twitter.com\/download\/android\" rel=\"nofollow\"\u003eTwitter for Android\u003c\/a\u003e","truncated":false,"in_reply_to_status_id":null,"in_reply_to_status_id_str":null,"in_reply_to_user_id":null,"in_reply_to_user_id_str":null,"in_reply_to_screen_name":null,"user":{"id":2240831630,"id_str":"2240831630","name":"Brighthemes","screen_name":"brighthemex","location":"Pakistan","description":"We are experts in web designing and development. We are intelligent with lots of talent, and best of all, we are incredibly passionat  about our work.","url":"http:\/\/t.co\/9hbVl7XfpT","entities":{"url":{"urls":[{"url":"http:\/\/t.co\/9hbVl7XfpT","expanded_url":"http:\/\/themeforest.net\/user\/brighthemes","display_url":"themeforest.net\/user\/brighthem\u2026","indices":[0,22]}]},"description":{"urls":[]}},"protected":false,"followers_count":8,"friends_count":6,"listed_count":0,"created_at":"Wed Dec 11 14:04:15 +0000 2013","favourites_count":0,"utc_offset":18000,"time_zone":"Karachi","geo_enabled":false,"verified":false,"statuses_count":24,"lang":"en","contributors_enabled":false,"is_translator":false,"is_translation_enabled":false,"profile_background_color":"C0DEED","profile_background_image_url":"http:\/\/abs.twimg.com\/images\/themes\/theme1\/bg.png","profile_background_image_url_https":"https:\/\/abs.twimg.com\/images\/themes\/theme1\/bg.png","profile_background_tile":false,"profile_image_url":"http:\/\/pbs.twimg.com\/profile_images\/619088566203781120\/IDzIyCDG_normal.jpg","profile_image_url_https":"https:\/\/pbs.twimg.com\/profile_images\/619088566203781120\/IDzIyCDG_normal.jpg","profile_banner_url":"https:\/\/pbs.twimg.com\/profile_banners\/2240831630\/1436436877","profile_link_color":"FA743E","profile_sidebar_border_color":"C0DEED","profile_sidebar_fill_color":"DDEEF6","profile_text_color":"333333","profile_use_background_image":true,"has_extended_profile":false,"default_profile":false,"default_profile_image":false,"following":false,"follow_request_sent":false,"notifications":false},"geo":null,"coordinates":null,"place":null,"contributors":null,"is_quote_status":false,"retweet_count":0,"favorite_count":0,"entities":{"hashtags":[],"symbols":[],"user_mentions":[{"screen_name":"ThemeForest","name":"ThemeForest","id":223434610,"id_str":"223434610","indices":[15,27]}],"urls":[]},"favorited":false,"retweeted":false,"lang":"en"},{"metadata":{"iso_language_code":"en","result_type":"recent"},"created_at":"Tue Sep 01 11:11:12 +0000 2015","id":638670435593400320,"id_str":"638670435593400320","text":"RT @QueldoreiThemes: Unlimited colors &amp; unique for each category, Quick View, Ajax Cart &amp; Price Slider... Shoppper #Magento #Theme http:\/\/t\u2026","source":"\u003ca href=\"https:\/\/roundteam.co\" rel=\"nofollow\"\u003eRoundTeam\u003c\/a\u003e","truncated":false,"in_reply_to_status_id":null,"in_reply_to_status_id_str":null,"in_reply_to_user_id":null,"in_reply_to_user_id_str":null,"in_reply_to_screen_name":null,"user":{"id":2269827115,"id_str":"2269827115","name":"Getrealplugins.com","screen_name":"Getrealplugins","location":"Dublin","description":"We are looking for plugin designers to work with http:\/\/t.co\/owA53V0Y2p  - please email partner@getrealplugins.com","url":"http:\/\/t.co\/TstEkSLFWn","entities":{"url":{"urls":[{"url":"http:\/\/t.co\/TstEkSLFWn","expanded_url":"http:\/\/getrealplugins.com","display_url":"getrealplugins.com","indices":[0,22]}]},"description":{"urls":[{"url":"http:\/\/t.co\/owA53V0Y2p","expanded_url":"http:\/\/Getrealplugins.com","display_url":"Getrealplugins.com","indices":[49,71]}]}},"protected":false,"followers_count":710,"friends_count":612,"listed_count":100,"created_at":"Tue Dec 31 04:03:08 +0000 2013","favourites_count":373,"utc_offset":3600,"time_zone":"Dublin","geo_enabled":false,"verified":false,"statuses_count":36245,"lang":"en","contributors_enabled":false,"is_translator":false,"is_translation_enabled":false,"profile_background_color":"C0DEED","profile_background_image_url":"http:\/\/pbs.twimg.com\/profile_background_images\/378800000160036303\/_8D4Pdsm.jpeg","profile_background_image_url_https":"https:\/\/pbs.twimg.com\/profile_background_images\/378800000160036303\/_8D4Pdsm.jpeg","profile_background_tile":true,"profile_image_url":"http:\/\/pbs.twimg.com\/profile_images\/417869382191026177\/qAIOM7rB_normal.jpeg","profile_image_url_https":"https:\/\/pbs.twimg.com\/profile_images\/417869382191026177\/qAIOM7rB_normal.jpeg","profile_banner_url":"https:\/\/pbs.twimg.com\/profile_banners\/2269827115\/1405733095","profile_link_color":"0084B4","profile_sidebar_border_color":"FFFFFF","profile_sidebar_fill_color":"DDEEF6","profile_text_color":"333333","profile_use_background_image":true,"has_extended_profile":false,"default_profile":false,"default_profile_image":false,"following":false,"follow_request_sent":false,"notifications":false},"geo":null,"coordinates":null,"place":null,"contributors":null,"retweeted_status":{"metadata":{"iso_language_code":"en","result_type":"recent"},"created_at":"Tue Sep 01 10:50:01 +0000 2015","id":638665105496915969,"id_str":"638665105496915969","text":"Unlimited colors &amp; unique for each category, Quick View, Ajax Cart &amp; Price Slider... Shoppper #Magento #Theme http:\/\/t.co\/f0Ytzam7Pp","source":"\u003ca href=\"http:\/\/queldorei.com\" rel=\"nofollow\"\u003eQueldorei Promo tweets\u003c\/a\u003e","truncated":false,"in_reply_to_status_id":null,"in_reply_to_status_id_str":null,"in_reply_to_user_id":null,"in_reply_to_user_id_str":null,"in_reply_to_screen_name":null,"user":{"id":783081632,"id_str":"783081632","name":"Quel'dorei","screen_name":"QueldoreiThemes","location":"","description":"Elune-Adore","url":"http:\/\/t.co\/JKzrtbsaxh","entities":{"url":{"urls":[{"url":"http:\/\/t.co\/JKzrtbsaxh","expanded_url":"http:\/\/queldorei.com","display_url":"queldorei.com","indices":[0,22]}]},"description":{"urls":[]}},"protected":false,"followers_count":1844,"friends_count":821,"listed_count":68,"created_at":"Sun Aug 26 19:50:36 +0000 2012","favourites_count":0,"utc_offset":10800,"time_zone":"Athens","geo_enabled":false,"verified":false,"statuses_count":23058,"lang":"en","contributors_enabled":false,"is_translator":false,"is_translation_enabled":false,"profile_background_color":"322C29","profile_background_image_url":"http:\/\/pbs.twimg.com\/profile_background_images\/675592564\/c4f344a58f949bd25ee34b9f560c8d0d.jpeg","profile_background_image_url_https":"https:\/\/pbs.twimg.com\/profile_background_images\/675592564\/c4f344a58f949bd25ee34b9f560c8d0d.jpeg","profile_background_tile":false,"profile_image_url":"http:\/\/pbs.twimg.com\/profile_images\/2676333808\/b91601db32eae5e71a3db8a2d5ce92e6_normal.png","profile_image_url_https":"https:\/\/pbs.twimg.com\/profile_images\/2676333808\/b91601db32eae5e71a3db8a2d5ce92e6_normal.png","profile_banner_url":"https:\/\/pbs.twimg.com\/profile_banners\/783081632\/1349266278","profile_link_color":"F25553","profile_sidebar_border_color":"FFFFFF","profile_sidebar_fill_color":"DDEEF6","profile_text_color":"333333","profile_use_background_image":true,"has_extended_profile":false,"default_profile":false,"default_profile_image":false,"following":false,"follow_request_sent":false,"notifications":false},"geo":null,"coordinates":null,"place":null,"contributors":null,"is_quote_status":false,"retweet_count":2,"favorite_count":0,"entities":{"hashtags":[{"text":"Magento","indices":[102,110]},{"text":"Theme","indices":[111,117]}],"symbols":[],"user_mentions":[],"urls":[{"url":"http:\/\/t.co\/f0Ytzam7Pp","expanded_url":"http:\/\/bit.ly\/Q4k4iN","display_url":"bit.ly\/Q4k4iN","indices":[118,140]}]},"favorited":false,"retweeted":false,"possibly_sensitive":false,"lang":"en"},"is_quote_status":false,"retweet_count":2,"favorite_count":0,"entities":{"hashtags":[{"text":"Magento","indices":[123,131]},{"text":"Theme","indices":[132,138]}],"symbols":[],"user_mentions":[{"screen_name":"QueldoreiThemes","name":"Quel'dorei","id":783081632,"id_str":"783081632","indices":[3,19]}],"urls":[{"url":"http:\/\/t.co\/f0Ytzam7Pp","expanded_url":"http:\/\/bit.ly\/Q4k4iN","display_url":"bit.ly\/Q4k4iN","indices":[147,148]}]},"favorited":false,"retweeted":false,"possibly_sensitive":false,"lang":"en"},{"metadata":{"iso_language_code":"en","result_type":"recent"},"created_at":"Tue Sep 01 11:10:52 +0000 2015","id":638670353145942016,"id_str":"638670353145942016","text":"Download Now!!!!!! One of The Best Multi-Purpose PSD Template (256 PSD Files) on Themeforest by @tranmautritam http:\/\/t.co\/qZ5chtxvkW","source":"\u003ca href=\"http:\/\/twitter.com\" rel=\"nofollow\"\u003eTwitter Web Client\u003c\/a\u003e","truncated":false,"in_reply_to_status_id":null,"in_reply_to_status_id_str":null,"in_reply_to_user_id":null,"in_reply_to_user_id_str":null,"in_reply_to_screen_name":null,"user":{"id":157485928,"id_str":"157485928","name":"Aquinones","screen_name":"agustinquinones","location":"Holanda","description":"","url":"http:\/\/t.co\/pVPYmt4Ryf","entities":{"url":{"urls":[{"url":"http:\/\/t.co\/pVPYmt4Ryf","expanded_url":"http:\/\/www.aquinones.nl","display_url":"aquinones.nl","indices":[0,22]}]},"description":{"urls":[]}},"protected":false,"followers_count":77,"friends_count":40,"listed_count":2,"created_at":"Sun Jun 20 00:03:53 +0000 2010","favourites_count":2,"utc_offset":7200,"time_zone":"Amsterdam","geo_enabled":true,"verified":false,"statuses_count":543,"lang":"en","contributors_enabled":false,"is_translator":false,"is_translation_enabled":false,"profile_background_color":"000000","profile_background_image_url":"http:\/\/pbs.twimg.com\/profile_background_images\/378800000133903916\/j-2xu0tY.jpeg","profile_background_image_url_https":"https:\/\/pbs.twimg.com\/profile_background_images\/378800000133903916\/j-2xu0tY.jpeg","profile_background_tile":false,"profile_image_url":"http:\/\/pbs.twimg.com\/profile_images\/517911771274031105\/J6fBxwz8_normal.jpeg","profile_image_url_https":"https:\/\/pbs.twimg.com\/profile_images\/517911771274031105\/J6fBxwz8_normal.jpeg","profile_link_color":"2E3636","profile_sidebar_border_color":"FFFFFF","profile_sidebar_fill_color":"EFEFEF","profile_text_color":"333333","profile_use_background_image":true,"has_extended_profile":false,"default_profile":false,"default_profile_image":false,"following":false,"follow_request_sent":false,"notifications":false},"geo":null,"coordinates":null,"place":null,"contributors":null,"is_quote_status":false,"retweet_count":0,"favorite_count":0,"entities":{"hashtags":[],"symbols":[],"user_mentions":[{"screen_name":"tranmautritam","name":"tranmautritam","id":588083665,"id_str":"588083665","indices":[96,110]}],"urls":[{"url":"http:\/\/t.co\/qZ5chtxvkW","expanded_url":"http:\/\/bit.ly\/13uykcn","display_url":"bit.ly\/13uykcn","indices":[111,133]}]},"favorited":false,"retweeted":false,"possibly_sensitive":false,"lang":"en"},{"metadata":{"iso_language_code":"en","result_type":"recent"},"created_at":"Tue Sep 01 11:10:01 +0000 2015","id":638670139404087296,"id_str":"638670139404087296","text":"RT @olegnax: Meet 'Athlete' -  one of the most powerful #Magento #Theme! http:\/\/t.co\/9jPnEbnSbW","source":"\u003ca href=\"http:\/\/www.cult-f.net\" rel=\"nofollow\"\u003eCult-foo connect\u003c\/a\u003e","truncated":false,"in_reply_to_status_id":null,"in_reply_to_status_id_str":null,"in_reply_to_user_id":null,"in_reply_to_user_id_str":null,"in_reply_to_screen_name":null,"user":{"id":18361042,"id_str":"18361042","name":"Cult-foo","screen_name":"cultfoo","location":"","description":"Web development team.","url":"http:\/\/t.co\/J7nVSSIbij","entities":{"url":{"urls":[{"url":"http:\/\/t.co\/J7nVSSIbij","expanded_url":"http:\/\/www.cult-f.net\/","display_url":"cult-f.net","indices":[0,22]}]},"description":{"urls":[]}},"protected":false,"followers_count":10236,"friends_count":6044,"listed_count":584,"created_at":"Wed Dec 24 17:13:42 +0000 2008","favourites_count":1,"utc_offset":25200,"time_zone":"Bangkok","geo_enabled":false,"verified":false,"statuses_count":64074,"lang":"en","contributors_enabled":false,"is_translator":false,"is_translation_enabled":false,"profile_background_color":"586164","profile_background_image_url":"http:\/\/pbs.twimg.com\/profile_background_images\/37455849\/patt_4ab15e11a5753.jpg","profile_background_image_url_https":"https:\/\/pbs.twimg.com\/profile_background_images\/37455849\/patt_4ab15e11a5753.jpg","profile_background_tile":true,"profile_image_url":"http:\/\/pbs.twimg.com\/profile_images\/68524365\/cultfoo_normal.jpg","profile_image_url_https":"https:\/\/pbs.twimg.com\/profile_images\/68524365\/cultfoo_normal.jpg","profile_link_color":"6B9F33","profile_sidebar_border_color":"E8EFCB","profile_sidebar_fill_color":"E8EFCB","profile_text_color":"000000","profile_use_background_image":true,"has_extended_profile":false,"default_profile":false,"default_profile_image":false,"following":false,"follow_request_sent":false,"notifications":false},"geo":null,"coordinates":null,"place":null,"contributors":null,"retweeted_status":{"metadata":{"iso_language_code":"en","result_type":"recent"},"created_at":"Tue Sep 01 11:10:01 +0000 2015","id":638670138393255936,"id_str":"638670138393255936","text":"Meet 'Athlete' -  one of the most powerful #Magento #Theme! http:\/\/t.co\/9jPnEbnSbW","source":"\u003ca href=\"http:\/\/olegnax.com\" rel=\"nofollow\"\u003eOlegnax tweep\u003c\/a\u003e","truncated":false,"in_reply_to_status_id":null,"in_reply_to_status_id_str":null,"in_reply_to_user_id":null,"in_reply_to_user_id_str":null,"in_reply_to_screen_name":null,"user":{"id":143778798,"id_str":"143778798","name":"olegnax","screen_name":"olegnax","location":"","description":"Team of hot, professional, ambitious developers driven by passion!","url":"http:\/\/t.co\/v7I7kurTfh","entities":{"url":{"urls":[{"url":"http:\/\/t.co\/v7I7kurTfh","expanded_url":"http:\/\/olegnax.com","display_url":"olegnax.com","indices":[0,22]}]},"description":{"urls":[]}},"protected":false,"followers_count":29157,"friends_count":7628,"listed_count":1063,"created_at":"Fri May 14 11:03:11 +0000 2010","favourites_count":0,"utc_offset":25200,"time_zone":"Bangkok","geo_enabled":false,"verified":false,"statuses_count":31618,"lang":"en","contributors_enabled":false,"is_translator":false,"is_translation_enabled":false,"profile_background_color":"111111","profile_background_image_url":"http:\/\/pbs.twimg.com\/profile_background_images\/166348111\/twit3-copy.jpg","profile_background_image_url_https":"https:\/\/pbs.twimg.com\/profile_background_images\/166348111\/twit3-copy.jpg","profile_background_tile":false,"profile_image_url":"http:\/\/pbs.twimg.com\/profile_images\/899344608\/319934_normal.jpg","profile_image_url_https":"https:\/\/pbs.twimg.com\/profile_images\/899344608\/319934_normal.jpg","profile_link_color":"F40152","profile_sidebar_border_color":"D6D6D6","profile_sidebar_fill_color":"EBEBEB","profile_text_color":"444444","profile_use_background_image":true,"has_extended_profile":false,"default_profile":false,"default_profile_image":false,"following":false,"follow_request_sent":false,"notifications":false},"geo":null,"coordinates":null,"place":null,"contributors":null,"is_quote_status":false,"retweet_count":1,"favorite_count":0,"entities":{"hashtags":[{"text":"Magento","indices":[43,51]},{"text":"Theme","indices":[52,58]}],"symbols":[],"user_mentions":[],"urls":[{"url":"http:\/\/t.co\/9jPnEbnSbW","expanded_url":"http:\/\/bit.ly\/1lPaL1E","display_url":"bit.ly\/1lPaL1E","indices":[60,82]}]},"favorited":false,"retweeted":false,"possibly_sensitive":false,"lang":"en"},"is_quote_status":false,"retweet_count":1,"favorite_count":0,"entities":{"hashtags":[{"text":"Magento","indices":[56,64]},{"text":"Theme","indices":[65,71]}],"symbols":[],"user_mentions":[{"screen_name":"olegnax","name":"olegnax","id":143778798,"id_str":"143778798","indices":[3,11]}],"urls":[{"url":"http:\/\/t.co\/9jPnEbnSbW","expanded_url":"http:\/\/bit.ly\/1lPaL1E","display_url":"bit.ly\/1lPaL1E","indices":[73,95]}]},"favorited":false,"retweeted":false,"possibly_sensitive":false,"lang":"en"},{"metadata":{"iso_language_code":"en","result_type":"recent"},"created_at":"Tue Sep 01 11:10:01 +0000 2015","id":638670138393255936,"id_str":"638670138393255936","text":"Meet 'Athlete' -  one of the most powerful #Magento #Theme! http:\/\/t.co\/9jPnEbnSbW","source":"\u003ca href=\"http:\/\/olegnax.com\" rel=\"nofollow\"\u003eOlegnax tweep\u003c\/a\u003e","truncated":false,"in_reply_to_status_id":null,"in_reply_to_status_id_str":null,"in_reply_to_user_id":null,"in_reply_to_user_id_str":null,"in_reply_to_screen_name":null,"user":{"id":143778798,"id_str":"143778798","name":"olegnax","screen_name":"olegnax","location":"","description":"Team of hot, professional, ambitious developers driven by passion!","url":"http:\/\/t.co\/v7I7kurTfh","entities":{"url":{"urls":[{"url":"http:\/\/t.co\/v7I7kurTfh","expanded_url":"http:\/\/olegnax.com","display_url":"olegnax.com","indices":[0,22]}]},"description":{"urls":[]}},"protected":false,"followers_count":29157,"friends_count":7628,"listed_count":1063,"created_at":"Fri May 14 11:03:11 +0000 2010","favourites_count":0,"utc_offset":25200,"time_zone":"Bangkok","geo_enabled":false,"verified":false,"statuses_count":31618,"lang":"en","contributors_enabled":false,"is_translator":false,"is_translation_enabled":false,"profile_background_color":"111111","profile_background_image_url":"http:\/\/pbs.twimg.com\/profile_background_images\/166348111\/twit3-copy.jpg","profile_background_image_url_https":"https:\/\/pbs.twimg.com\/profile_background_images\/166348111\/twit3-copy.jpg","profile_background_tile":false,"profile_image_url":"http:\/\/pbs.twimg.com\/profile_images\/899344608\/319934_normal.jpg","profile_image_url_https":"https:\/\/pbs.twimg.com\/profile_images\/899344608\/319934_normal.jpg","profile_link_color":"F40152","profile_sidebar_border_color":"D6D6D6","profile_sidebar_fill_color":"EBEBEB","profile_text_color":"444444","profile_use_background_image":true,"has_extended_profile":false,"default_profile":false,"default_profile_image":false,"following":false,"follow_request_sent":false,"notifications":false},"geo":null,"coordinates":null,"place":null,"contributors":null,"is_quote_status":false,"retweet_count":1,"favorite_count":0,"entities":{"hashtags":[{"text":"Magento","indices":[43,51]},{"text":"Theme","indices":[52,58]}],"symbols":[],"user_mentions":[],"urls":[{"url":"http:\/\/t.co\/9jPnEbnSbW","expanded_url":"http:\/\/bit.ly\/1lPaL1E","display_url":"bit.ly\/1lPaL1E","indices":[60,82]}]},"favorited":false,"retweeted":false,"possibly_sensitive":false,"lang":"en"},{"metadata":{"iso_language_code":"und","result_type":"recent"},"created_at":"Tue Sep 01 11:09:10 +0000 2015","id":638669924966264832,"id_str":"638669924966264832","text":"#kepler #News  #themeforest  #Code #Work #Html #theme https:\/\/t.co\/lWu5yB0oZk","source":"\u003ca href=\"http:\/\/instagram.com\" rel=\"nofollow\"\u003eInstagram\u003c\/a\u003e","truncated":false,"in_reply_to_status_id":null,"in_reply_to_status_id_str":null,"in_reply_to_user_id":null,"in_reply_to_user_id_str":null,"in_reply_to_screen_name":null,"user":{"id":1304900966,"id_str":"1304900966","name":"Ashmawi Sami","screen_name":"ashmawisami","location":"Earth","description":"Freelance Astronaut ;)","url":"http:\/\/t.co\/AaplJyH8fN","entities":{"url":{"urls":[{"url":"http:\/\/t.co\/AaplJyH8fN","expanded_url":"http:\/\/www.ashmawi.info","display_url":"ashmawi.info","indices":[0,22]}]},"description":{"urls":[]}},"protected":false,"followers_count":67,"friends_count":20,"listed_count":1,"created_at":"Tue Mar 26 17:02:56 +0000 2013","favourites_count":55,"utc_offset":7200,"time_zone":"Cairo","geo_enabled":true,"verified":false,"statuses_count":260,"lang":"en","contributors_enabled":false,"is_translator":false,"is_translation_enabled":false,"profile_background_color":"C0DEED","profile_background_image_url":"http:\/\/abs.twimg.com\/images\/themes\/theme1\/bg.png","profile_background_image_url_https":"https:\/\/abs.twimg.com\/images\/themes\/theme1\/bg.png","profile_background_tile":false,"profile_image_url":"http:\/\/pbs.twimg.com\/profile_images\/458583039023382529\/Om7YXdHE_normal.jpeg","profile_image_url_https":"https:\/\/pbs.twimg.com\/profile_images\/458583039023382529\/Om7YXdHE_normal.jpeg","profile_banner_url":"https:\/\/pbs.twimg.com\/profile_banners\/1304900966\/1416405521","profile_link_color":"0084B4","profile_sidebar_border_color":"C0DEED","profile_sidebar_fill_color":"DDEEF6","profile_text_color":"333333","profile_use_background_image":true,"has_extended_profile":false,"default_profile":true,"default_profile_image":false,"following":false,"follow_request_sent":false,"notifications":false},"geo":null,"coordinates":null,"place":null,"contributors":null,"is_quote_status":false,"retweet_count":0,"favorite_count":0,"entities":{"hashtags":[{"text":"kepler","indices":[0,7]},{"text":"News","indices":[8,13]},{"text":"themeforest","indices":[15,27]},{"text":"Code","indices":[29,34]},{"text":"Work","indices":[35,40]},{"text":"Html","indices":[41,46]},{"text":"theme","indices":[47,53]}],"symbols":[],"user_mentions":[],"urls":[{"url":"https:\/\/t.co\/lWu5yB0oZk","expanded_url":"https:\/\/instagram.com\/p\/7FfUh1u5ny\/","display_url":"instagram.com\/p\/7FfUh1u5ny\/","indices":[54,77]}]},"favorited":false,"retweeted":false,"possibly_sensitive":false,"lang":"und"},{"metadata":{"iso_language_code":"und","result_type":"recent"},"created_at":"Tue Sep 01 11:07:45 +0000 2015","id":638669566198083584,"id_str":"638669566198083584","text":"\u0642\u0627\u0644\u0628 \u0648\u0631\u062f\u067e\u0631\u0633 \u062a\u0631\u062c\u0645\u0647 \u0634\u062f\u0647. \u062a\u0645\u200c\u0641\u0627\u0631\u0633\u062a:\nhttp:\/\/t.co\/E0usQStzRL\n\u062a\u0648\u0633\u0637:\n&lt;meta name=\"twitter:creator\" content=\"\u007b@\u007dehsanmaleki\"\/&gt;","source":"\u003ca href=\"http:\/\/itunes.apple.com\/us\/app\/twitter\/id409789998?mt=12\" rel=\"nofollow\"\u003eTwitter for Mac\u003c\/a\u003e","truncated":false,"in_reply_to_status_id":638667792212959232,"in_reply_to_status_id_str":"638667792212959232","in_reply_to_user_id":605155763,"in_reply_to_user_id_str":"605155763","in_reply_to_screen_name":"sia_mac","user":{"id":605155763,"id_str":"605155763","name":"S\u03b9a\u043ca\u0138","screen_name":"sia_mac","location":"Tehran, Iran","description":"C || Mac. Minimalist. Front\u2013End Engineer. CSSeater. Design ~ Taken \u007bLove\u007d @Eli___H. Hire me with hi@siamak.work","url":"http:\/\/t.co\/tvwAqVxNSY","entities":{"url":{"urls":[{"url":"http:\/\/t.co\/tvwAqVxNSY","expanded_url":"http:\/\/siamak.us","display_url":"siamak.us","indices":[0,22]}]},"description":{"urls":[]}},"protected":false,"followers_count":867,"friends_count":212,"listed_count":32,"created_at":"Mon Jun 11 05:59:47 +0000 2012","favourites_count":12541,"utc_offset":16200,"time_zone":"Tehran","geo_enabled":true,"verified":false,"statuses_count":18341,"lang":"en","contributors_enabled":false,"is_translator":false,"is_translation_enabled":false,"profile_background_color":"131516","profile_background_image_url":"http:\/\/pbs.twimg.com\/profile_background_images\/521686426769833986\/eMdKq1zJ.png","profile_background_image_url_https":"https:\/\/pbs.twimg.com\/profile_background_images\/521686426769833986\/eMdKq1zJ.png","profile_background_tile":true,"profile_image_url":"http:\/\/pbs.twimg.com\/profile_images\/630487618598383620\/sNV6mEpU_normal.jpg","profile_image_url_https":"https:\/\/pbs.twimg.com\/profile_images\/630487618598383620\/sNV6mEpU_normal.jpg","profile_banner_url":"https:\/\/pbs.twimg.com\/profile_banners\/605155763\/1436912690","profile_link_color":"3F51B5","profile_sidebar_border_color":"000000","profile_sidebar_fill_color":"99CC33","profile_text_color":"3E4415","profile_use_background_image":true,"has_extended_profile":true,"default_profile":false,"default_profile_image":false,"following":false,"follow_request_sent":false,"notifications":false},"geo":null,"coordinates":null,"place":null,"contributors":null,"is_quote_status":false,"retweet_count":0,"favorite_count":3,"entities":{"hashtags":[],"symbols":[],"user_mentions":[],"urls":[{"url":"http:\/\/t.co\/E0usQStzRL","expanded_url":"http:\/\/themeforest.net\/item\/goodnews-responsive-wordpress-newsmagazine\/1150692","display_url":"themeforest.net\/item\/goodnews-\u2026","indices":[33,55]}]},"favorited":false,"retweeted":false,"possibly_sensitive":false,"lang":"und"},{"metadata":{"iso_language_code":"en","result_type":"recent"},"created_at":"Tue Sep 01 11:03:23 +0000 2015","id":638668470251585536,"id_str":"638668470251585536","text":"Salient - Responsive Multi-Purpose Theme http:\/\/t.co\/deSx3S8Zxf","source":"\u003ca href=\"http:\/\/ifttt.com\" rel=\"nofollow\"\u003eIFTTT\u003c\/a\u003e","truncated":false,"in_reply_to_status_id":null,"in_reply_to_status_id_str":null,"in_reply_to_user_id":null,"in_reply_to_user_id_str":null,"in_reply_to_screen_name":null,"user":{"id":541847469,"id_str":"541847469","name":"Bill Daflos","screen_name":"Bill_daflos","location":"Athens","description":"Extend Graphics Co-Owner, Founder of http:\/\/t.co\/vYqCTtNHIr \/\r\nTechnologist of graphic arts \/\r\nGraphic Designer \/ Printing technology and color expert","url":"http:\/\/t.co\/BQOBnZrfe2","entities":{"url":{"urls":[{"url":"http:\/\/t.co\/BQOBnZrfe2","expanded_url":"http:\/\/keboto.org","display_url":"keboto.org","indices":[0,22]}]},"description":{"urls":[{"url":"http:\/\/t.co\/vYqCTtNHIr","expanded_url":"http:\/\/Keboto.org","display_url":"Keboto.org","indices":[37,59]}]}},"protected":false,"followers_count":41639,"friends_count":40029,"listed_count":237,"created_at":"Sat Mar 31 15:54:55 +0000 2012","favourites_count":61,"utc_offset":10800,"time_zone":"Athens","geo_enabled":false,"verified":false,"statuses_count":53064,"lang":"en","contributors_enabled":false,"is_translator":false,"is_translation_enabled":false,"profile_background_color":"000000","profile_background_image_url":"http:\/\/abs.twimg.com\/images\/themes\/theme14\/bg.gif","profile_background_image_url_https":"https:\/\/abs.twimg.com\/images\/themes\/theme14\/bg.gif","profile_background_tile":false,"profile_image_url":"http:\/\/pbs.twimg.com\/profile_images\/514118738824548352\/Inv0NNKv_normal.jpeg","profile_image_url_https":"https:\/\/pbs.twimg.com\/profile_images\/514118738824548352\/Inv0NNKv_normal.jpeg","profile_banner_url":"https:\/\/pbs.twimg.com\/profile_banners\/541847469\/1411410657","profile_link_color":"444444","profile_sidebar_border_color":"000000","profile_sidebar_fill_color":"000000","profile_text_color":"000000","profile_use_background_image":false,"has_extended_profile":false,"default_profile":false,"default_profile_image":false,"following":false,"follow_request_sent":false,"notifications":false},"geo":null,"coordinates":null,"place":null,"contributors":null,"is_quote_status":false,"retweet_count":0,"favorite_count":0,"entities":{"hashtags":[],"symbols":[],"user_mentions":[],"urls":[{"url":"http:\/\/t.co\/deSx3S8Zxf","expanded_url":"http:\/\/ift.tt\/1FSb8Dc","display_url":"ift.tt\/1FSb8Dc","indices":[41,63]}]},"favorited":false,"retweeted":false,"possibly_sensitive":false,"lang":"en"},{"metadata":{"iso_language_code":"de","result_type":"recent"},"created_at":"Tue Sep 01 11:03:01 +0000 2015","id":638668376039137280,"id_str":"638668376039137280","text":"Und wer als Webdesign-Firma seinen Kunden themeforest-Themes verkauft... sollte sich das mit #Webdesign noch mal \u00fcberlegen ... Frechheit","source":"\u003ca href=\"http:\/\/twitter.com\" rel=\"nofollow\"\u003eTwitter Web Client\u003c\/a\u003e","truncated":false,"in_reply_to_status_id":null,"in_reply_to_status_id_str":null,"in_reply_to_user_id":null,"in_reply_to_user_id_str":null,"in_reply_to_screen_name":null,"user":{"id":82295189,"id_str":"82295189","name":"Michael Pehl","screen_name":"invocoes","location":"Rostock","description":"43 years old german","url":"http:\/\/t.co\/wCKe8gXM5f","entities":{"url":{"urls":[{"url":"http:\/\/t.co\/wCKe8gXM5f","expanded_url":"http:\/\/about.me\/michaelpehl","display_url":"about.me\/michaelpehl","indices":[0,22]}]},"description":{"urls":[]}},"protected":false,"followers_count":334,"friends_count":886,"listed_count":27,"created_at":"Wed Oct 14 06:45:17 +0000 2009","favourites_count":4,"utc_offset":7200,"time_zone":"Madrid","geo_enabled":true,"verified":false,"statuses_count":5641,"lang":"de","contributors_enabled":false,"is_translator":false,"is_translation_enabled":false,"profile_background_color":"131516","profile_background_image_url":"http:\/\/abs.twimg.com\/images\/themes\/theme14\/bg.gif","profile_background_image_url_https":"https:\/\/abs.twimg.com\/images\/themes\/theme14\/bg.gif","profile_background_tile":true,"profile_image_url":"http:\/\/pbs.twimg.com\/profile_images\/499285796570935296\/Jqm-viFT_normal.jpeg","profile_image_url_https":"https:\/\/pbs.twimg.com\/profile_images\/499285796570935296\/Jqm-viFT_normal.jpeg","profile_link_color":"8F4300","profile_sidebar_border_color":"FFFFFF","profile_sidebar_fill_color":"EFEFEF","profile_text_color":"333333","profile_use_background_image":true,"has_extended_profile":false,"default_profile":false,"default_profile_image":false,"following":false,"follow_request_sent":false,"notifications":false},"geo":null,"coordinates":null,"place":{"id":"c1fb25bbd082d5f9","url":"https:\/\/api.twitter.com\/1.1\/geo\/id\/c1fb25bbd082d5f9.json","place_type":"city","name":"Rostock","full_name":"Rostock, Mecklenburg-Vorpommern","country_code":"DE","country":"Deutschland","contained_within":[],"bounding_box":{"type":"Polygon","coordinates":[[[11.997258,54.050532],[12.292934,54.050532],[12.292934,54.2446613],[11.997258,54.2446613]]]},"attributes":{}},"contributors":null,"is_quote_status":false,"retweet_count":0,"favorite_count":0,"entities":{"hashtags":[{"text":"Webdesign","indices":[93,103]}],"symbols":[],"user_mentions":[],"urls":[]},"favorited":false,"retweeted":false,"lang":"de"},{"metadata":{"iso_language_code":"es","result_type":"recent"},"created_at":"Tue Sep 01 11:02:42 +0000 2015","id":638668295202316288,"id_str":"638668295202316288","text":"#WordPress - Inovado - Retina #Responsive Multi-Purpose Theme | #ThemeForest http:\/\/t.co\/GF3cOqObCs http:\/\/t.co\/9R09LS130A","source":"\u003ca href=\"http:\/\/twitter.com\" rel=\"nofollow\"\u003eTwitter Web Client\u003c\/a\u003e","truncated":false,"in_reply_to_status_id":null,"in_reply_to_status_id_str":null,"in_reply_to_user_id":null,"in_reply_to_user_id_str":null,"in_reply_to_screen_name":null,"user":{"id":210979659,"id_str":"210979659","name":"Eduardo Area ","screen_name":"AprendeEbusines","location":"Denia, Espa\u00f1a","description":"Ingeniero T\u00e9cnico Industrial dedicado al E-business, E-commerce y Social Media. Otras cuentas de Twitter @Eduarea y @AreaSacristan","url":"http:\/\/t.co\/EbsmhY1Xbs","entities":{"url":{"urls":[{"url":"http:\/\/t.co\/EbsmhY1Xbs","expanded_url":"http:\/\/www.eduardoarea.blogspot.com","display_url":"eduardoarea.blogspot.com","indices":[0,22]}]},"description":{"urls":[]}},"protected":false,"followers_count":1420,"friends_count":2001,"listed_count":239,"created_at":"Mon Nov 01 23:36:54 +0000 2010","favourites_count":261,"utc_offset":0,"time_zone":"Azores","geo_enabled":true,"verified":false,"statuses_count":6988,"lang":"es","contributors_enabled":false,"is_translator":false,"is_translation_enabled":false,"profile_background_color":"C0DEED","profile_background_image_url":"http:\/\/pbs.twimg.com\/profile_background_images\/167518910\/Todo_Social_Media.jpg","profile_background_image_url_https":"https:\/\/pbs.twimg.com\/profile_background_images\/167518910\/Todo_Social_Media.jpg","profile_background_tile":true,"profile_image_url":"http:\/\/pbs.twimg.com\/profile_images\/1876603526\/tw_12762109_1331030225_normal.jpg","profile_image_url_https":"https:\/\/pbs.twimg.com\/profile_images\/1876603526\/tw_12762109_1331030225_normal.jpg","profile_link_color":"0084B4","profile_sidebar_border_color":"C0DEED","profile_sidebar_fill_color":"DDEEF6","profile_text_color":"333333","profile_use_background_image":true,"has_extended_profile":false,"default_profile":false,"default_profile_image":false,"following":false,"follow_request_sent":false,"notifications":false},"geo":null,"coordinates":null,"place":{"id":"211f15d1b1a0f8d5","url":"https:\/\/api.twitter.com\/1.1\/geo\/id\/211f15d1b1a0f8d5.json","place_type":"city","name":"Vitoria-Gasteiz","full_name":"Vitoria-Gasteiz, Euskadi","country_code":"ES","country":"Espa\u00f1a","contained_within":[],"bounding_box":{"type":"Polygon","coordinates":[[[-2.8534914,42.764559],[-2.5437195,42.764559],[-2.5437195,42.9366672],[-2.8534914,42.9366672]]]},"attributes":{}},"contributors":null,"is_quote_status":false,"retweet_count":0,"favorite_count":0,"entities":{"hashtags":[{"text":"WordPress","indices":[0,10]},{"text":"Responsive","indices":[30,41]},{"text":"ThemeForest","indices":[64,76]}],"symbols":[],"user_mentions":[],"urls":[{"url":"http:\/\/t.co\/GF3cOqObCs","expanded_url":"http:\/\/bit.ly\/1CDvNaT","display_url":"bit.ly\/1CDvNaT","indices":[77,99]}],"media":[{"id":638668292425674753,"id_str":"638668292425674753","indices":[100,122],"media_url":"http:\/\/pbs.twimg.com\/media\/CN0BbZtWcAEEcjL.png","media_url_https":"https:\/\/pbs.twimg.com\/media\/CN0BbZtWcAEEcjL.png","url":"http:\/\/t.co\/9R09LS130A","display_url":"pic.twitter.com\/9R09LS130A","expanded_url":"http:\/\/twitter.com\/AprendeEbusines\/status\/638668295202316288\/photo\/1","type":"photo","sizes":{"medium":{"w":600,"h":319,"resize":"fit"},"thumb":{"w":150,"h":150,"resize":"crop"},"small":{"w":340,"h":181,"resize":"fit"},"large":{"w":624,"h":333,"resize":"fit"}}}]},"favorited":false,"retweeted":false,"possibly_sensitive":false,"lang":"es"}],"search_metadata":{"completed_in":0.032,"max_id":638672333625016320,"max_id_str":"638672333625016320","next_results":"?max_id=638668295202316287&q=themeforest&include_entities=1","query":"themeforest","refresh_url":"?since_id=638672333625016320&q=themeforest&include_entities=1","count":15,"since_id":0,"since_id_str":"0"}}